{"cameraMode":{"drawMode":0,"name":"Shaded","section":"Shading Mode"},"sceneLighting":true,"audioPlay":false,"sceneViewState":{"showFog":true,"showMaterialUpdate":false,"showSkybox":true,"showFlares":true,"showImageEffects":true,"showParticleSystems":true},"in2DMode":false,"pivot":{"x":0.14215612411499024,"y":0.693504810333252,"z":0.7691453695297241},"rotation":{"x":-0.009547372348606587,"y":0.6311504244804382,"z":-0.007769439369440079,"w":-0.7755628228187561},"size":2.976140260696411,"orthographic":false}